date,tag,code,name,rid,price,pct_chg,turnover,net_buy,turnover_yuan,net_buy_yuan
2026-06-22,3日,000016,*ST康佳A,000016_29,2.56,-4.48%,4779.97万,31.66万,47799700.0,316600.0
2026-06-22,3日,000403,派林生物,000403_8,9.73,-9.99%,2.99亿,2710.08万,299000000.0,27100800.0
2026-06-22,,000403,派林生物,000403_4,9.73,-9.99%,1.32亿,-3710.16万,132000000.0,-37101600.0
2026-06-22,3日,000639,ST西王,000639_29,1.28,-2.29%,3503.61万,-439.29万,35036100.0,-4392900.0
2026-06-22,,000657,中钨高新,000657_3,108.33,10.00%,26.94亿,3.73亿,2694000000.0,373000000.0
2026-06-22,3日,000677,ST海龙,000677_29,1.66,-3.49%,3514.35万,-413.86万,35143500.0,-4138600.0
2026-06-22,,000776,广发证券,000776_3,22.70,9.98%,20.34亿,-3.53亿,2034000000.0,-353000000.0
2026-06-22,3日,000811,冰轮环境,000811_7,44.19,10.01%,15.97亿,1.97亿,1597000000.0,197000000.0
2026-06-22,3日,000821,ST京机,000821_29,8.25,-4.62%,8819.13万,-3726.14万,88191299.99999999,-37261400.0
2026-06-22,3日,000838,*ST发展,000838_29,1.44,-5.26%,2203.77万,-535.15万,22037700.0,-5351500.0
2026-06-22,,000887,中鼎股份,000887_4,19.88,-8.97%,8.12亿,-2.28亿,811999999.9999999,-227999999.99999997
2026-06-22,,000960,锡业股份,000960_3,45.91,9.99%,15.95亿,4.11亿,1595000000.0,411000000.00000006
2026-06-22,,001257,盛龙股份,001257_6,33.81,5.79%,5.90亿,-2.28亿,590000000.0,-227999999.99999997
2026-06-22,,001382,新亚电缆,001382_4,18.33,-8.71%,2985.62万,689.52万,29856200.0,6895200.0
2026-06-22,,002126,银轮股份,002126_5,49.13,-6.83%,8.04亿,-2.28亿,803999999.9999999,-227999999.99999997
2026-06-22,,002141,贤丰控股,002141_5,4.50,-4.46%,2.94亿,-2684.14万,294000000.0,-26841400.0
2026-06-22,3日,002198,ST嘉应,002198_29,3.22,-3.30%,4345.98万,-263.52万,43459799.99999999,-2635200.0
2026-06-22,3日,002207,*ST准油,002207_29,6.59,-4.91%,1.39亿,-3030.66万,139000000.0,-30306600.0
2026-06-22,,002272,川润股份,002272_6,22.61,6.65%,10.03亿,2.04亿,1002999999.9999999,204000000.0
2026-06-22,,002407,多氟多,002407_3,42.66,10.01%,16.05亿,2.20亿,1605000000.0,220000000.00000003
2026-06-22,,002409,雅克科技,002409_3,165.18,10.00%,19.21亿,-3.15亿,1921000000.0,-315000000.0
2026-06-22,,002421,达实智能,002421_6,4.21,9.92%,6.16亿,1.59亿,616000000.0,159000000.0
2026-06-22,3日,002431,ST棕榈,002431_29,1.38,-2.82%,1881.07万,-38.77万,18810700.0,-387700.00000000006
2026-06-22,3日,002501,*ST利源,002501_29,1.36,-2.16%,4149.63万,-547.30万,41496300.0,-5473000.0
2026-06-22,3日,002512,ST达华,002512_29,3.79,-4.53%,7279.05万,-620.17万,72790500.0,-6201700.0
2026-06-22,3日,002514,*ST宝馨,002514_29,2.76,-4.83%,7005.56万,-966.21万,70055600.0,-9662100.0
2026-06-22,3日,002542,*ST中岩,002542_29,1.35,-3.57%,3802.22万,-719.46万,38022200.0,-7194600.0
2026-06-22,3日,002568,百润股份,002568_8,15.46,-6.53%,2.48亿,-1917.27万,248000000.0,-19172700.0
2026-06-22,,002579,中京电子,002579_6,21.14,4.04%,10.96亿,5761.66万,1096000000.0,57616600.0
2026-06-22,3日,002586,ST围海,002586_29,3.43,-3.38%,3476.56万,419.17万,34765600.0,4191700.0
2026-06-22,3日,002620,*ST瑞和,002620_29,5.32,-4.83%,1.01亿,-926.20万,101000000.0,-9262000.0
2026-06-22,,002631,德尔未来,002631_5,8.17,4.88%,1.67亿,2182.82万,167000000.0,21828200.0
2026-06-22,3日,002634,*ST棒杰,002634_29,4.70,-5.05%,2140.87万,144.48万,21408700.0,1444800.0
2026-06-22,3日,002655,共达电声,002655_7,46.87,10.00%,9.06亿,9183.08万,906000000.0,91830800.0
2026-06-22,3日,002674,兴业科技,002674_7,19.69,10.00%,2.62亿,2492.99万,262000000.0,24929899.999999996
2026-06-22,3日,002691,*ST冀凯,002691_29,4.40,-1.34%,3290.25万,62.94万,32902500.0,629400.0
2026-06-22,3日,002717,*ST岭南,002717_29,0.97,-4.90%,5553.77万,-1678.02万,55537700.00000001,-16780200.0
2026-06-22,3日,002719,ST麦趣,002719_29,6.56,-5.07%,6396.68万,563.76万,63966800.0,5637600.0
2026-06-22,,002779,中坚科技,002779_405,74.81,-9.46%,2.92亿,-1.36亿,292000000.0,-136000000.0
2026-06-22,,002842,翔鹭钨业,002842_6,52.49,10.00%,7.85亿,-2811.49万,785000000.0,-28114899.999999996
2026-06-22,,002910,庄园牧场,002910_5,12.82,10.04%,2.35亿,4214.41万,235000000.0,42144100.0
2026-06-22,,002980,华盛昌,002980_4,118.23,-9.99%,6.26亿,-1.24亿,626000000.0,-124000000.0
2026-06-22,,300029,天龙退,300029_35,0.18,-10.00%,337.48万,-82.39万,3374800.0,-823900.0
2026-06-22,,300085,银之杰,300085_40,32.35,19.99%,8.55亿,3.00亿,855000000.0000001,300000000.0
2026-06-22,,300179,四方达,300179_40,57.48,20.00%,15.48亿,6.34亿,1548000000.0,634000000.0
2026-06-22,3日,300283,温州宏丰,300283_44,25.53,14.74%,17.09亿,1192.14万,1709000000.0,11921400.000000002
2026-06-22,3日,300319,麦捷科技,300319_44,31.63,13.94%,36.15亿,2.59亿,3615000000.0,259000000.0
2026-06-22,,300319,麦捷科技,300319_43,31.63,13.94%,29.17亿,2237.26万,2917000000.0,22372600.000000004
2026-06-22,,300401,花园生物,300401_40,19.87,19.99%,4.87亿,1.10亿,487000000.0,110000000.00000001
2026-06-22,3日,300475,香农芯创,300475_44,287.80,12.92%,111.06亿,-7.19亿,11106000000.0,-719000000.0
2026-06-22,3日,300522,世名科技,300522_44,23.05,19.99%,6.38亿,-2227.77万,638000000.0,-22277700.0
2026-06-22,,300522,世名科技,300522_40,23.05,19.99%,4.60亿,-5219.14万,459999999.99999994,-52191400.0
2026-06-22,,301071,力量钻石,301071_40,91.92,20.00%,8.51亿,4.05亿,851000000.0,405000000.0
2026-06-22,3日,301127,武汉天源,301127_44,16.98,14.88%,7.15亿,6231.54万,715000000.0,62315400.0
2026-06-22,,301139,*ST元道,301139_43,5.02,20.10%,2006.72万,491.25万,20067200.0,4912500.0
2026-06-22,,301563,云汉芯城,301563_43,201.24,1.33%,2.85亿,-8894.74万,285000000.0,-88947400.0
2026-06-22,,301669,高特电子,301669_43,40.10,-4.50%,3.15亿,-6140.14万,315000000.0,-61401400.0
2026-06-22,,301687,新广益,301687_43,77.98,-5.41%,3.58亿,-5607.16万,358000000.0,-56071600.0
2026-06-22,,600110,诺德股份,600110_6,17.15,-2.39%,16.66亿,-2.53亿,1666000000.0,-252999999.99999997
2026-06-22,,600162,香江控股,600162_3,3.94,10.06%,3.13亿,2654.69万,313000000.0,26546900.0
2026-06-22,3日,600180,*ST瑞茂,600180_29,1.20,-2.44%,2704.79万,-349.47万,27047900.0,-3494700.0000000005
2026-06-22,,600193,退市创兴,600193_35,0.15,0.00%,227.92万,-51.66万,2279200.0,-516599.99999999994
2026-06-22,,600400,红豆股份,600400_3,2.96,10.04%,1.61亿,-2357.87万,161000000.0,-23578700.0
2026-06-22,,600421,退市华嵘,600421_4035,0.24,-11.11%,292.46万,-93.30万,2924600.0,-933000.0
2026-06-22,,600470,六国化工,600470_3,5.91,10.06%,7595.16万,4707.77万,75951600.0,47077700.00000001
2026-06-22,3日,600491,ST龙元,600491_29,1.16,-4.13%,4108.88万,-1603.10万,41088800.0,-16031000.0
2026-06-22,,600599,退市熊猫,600599_35,0.43,2.38%,244.13万,28.87万,2441300.0,288700.0
2026-06-22,,600608,退市沪科,600608_35,0.18,0.00%,252.61万,4.76万,2526100.0,47600.0
2026-06-22,,600636,退市国化,600636_35,1.71,-7.07%,2036.16万,545.93万,20361600.0,5459299.999999999
2026-06-22,,600696,退市岩石,600696_35,0.74,-2.63%,171.15万,21.44万,1711500.0,214400.0
2026-06-22,3日,600745,*ST闻泰,600745_29,16.28,-3.67%,4.79亿,-1.05亿,479000000.0,-105000000.0
2026-06-22,3日,600769,祥龙电业,600769_7,21.08,10.02%,4.14亿,2889.60万,413999999.99999994,28896000.0
2026-06-22,,601519,大智慧,601519_3,9.42,10.05%,2.60亿,5336.75万,260000000.0,53367500.0
2026-06-22,,601991,大唐发电,601991_5,8.37,1.82%,17.44亿,-5429.18万,1744000000.0000002,-54291800.0
2026-06-22,,603012,创力集团,603012_3,8.21,10.05%,5685.56万,797.24万,56855600.00000001,7972400.0
2026-06-22,3日,603070,万控智造,603070_8,14.71,-9.98%,1.18亿,-3556.99万,118000000.0,-35569900.0
2026-06-22,,603070,万控智造,603070_4,14.71,-9.98%,7073.97万,-2217.40万,70739700.0,-22174000.0
2026-06-22,,603177,德创环保,603177_5,11.20,2.94%,8196.67万,1475.69万,81966700.0,14756900.0
2026-06-22,3日,603212,赛伍技术,603212_8,13.03,-8.69%,2.47亿,-1813.75万,247000000.00000003,-18137500.0
2026-06-22,,603261,立航科技,603261_5,46.69,4.29%,4282.74万,319.43万,42827400.0,3194300.0
2026-06-22,,603262,技源集团,603262_6,30.44,6.77%,1.48亿,2803.40万,148000000.0,28034000.0
2026-06-22,3日,603272,*ST联翔,603272_29,29.49,-4.99%,4841.26万,-440.22万,48412600.0,-4402200.0
2026-06-22,,603285,键邦股份,603285_6,51.90,-4.65%,3.37亿,-9734.40万,337000000.0,-97344000.0
2026-06-22,3日,603359,*ST东珠,603359_29,2.40,-4.38%,2873.69万,-489.93万,28736900.0,-4899300.0
2026-06-22,3日,603378,*ST亚士,603378_29,4.83,-4.92%,5920.97万,1290.94万,59209700.0,12909400.0
2026-06-22,,603399,永杉锂业,603399_6,21.23,10.00%,5.76亿,8885.16万,576000000.0,88851600.0
2026-06-22,,603459,红板科技,603459_6,88.50,-1.86%,2.20亿,-1528.62万,220000000.00000003,-15286199.999999998
2026-06-22,,603665,康隆达,603665_4,25.97,-9.23%,8893.79万,-2853.44万,88937900.00000001,-28534400.0
2026-06-22,,603730,岱美股份,603730_4,11.71,-9.99%,2.79亿,433.15万,279000000.0,4331500.0
2026-06-22,,603757,大元泵业,603757_5,61.67,10.01%,4.76亿,1.22亿,476000000.0,122000000.0
2026-06-22,,605081,退市太和,605081_35,0.38,-2.56%,141.40万,-37.94万,1414000.0,-379400.0
2026-06-22,,605366,宏柏新材,605366_5,9.82,-8.31%,1.73亿,-3573.61万,173000000.0,-35736100.0
2026-06-22,,605488,福莱新材,605488_4,30.41,-9.98%,1.93亿,-9138.94万,193000000.0,-91389400.0
2026-06-22,,688166,博瑞医药,688166_41,36.16,-16.32%,4.18亿,7361.77万,418000000.0,73617700.0
2026-06-22,,688286,敏芯股份,688286_40,93.84,17.45%,2.82亿,8506.94万,282000000.0,85069400.0
2026-06-22,,688367,工大高科,688367_40,44.60,19.99%,1.49亿,8734.65万,149000000.0,87346500.0
2026-06-22,3日,688478,晶升股份,688478_44,92.68,15.22%,5.28亿,3382.59万,528000000.0,33825900.0
2026-06-22,,688496,*ST清越,688496_40,1.06,20.45%,392.50万,88.63万,3925000.0,886300.0
2026-06-22,3日,688515,裕太微,688515_44,271.60,13.73%,12.04亿,1.34亿,1204000000.0,134000000.00000001
2026-06-22,,688530,欧莱新材,688530_40,78.58,19.22%,3.09亿,1.14亿,309000000.0,113999999.99999999
2026-06-22,,688662,富信科技,688662_40,171.49,20.00%,3.73亿,1.12亿,373000000.0,112000000.00000001
2026-06-22,,688729,屹唐股份,688729_43,36.15,9.31%,8.99亿,1.21亿,899000000.0,121000000.0
2026-06-23,,000004,国华退,000004_35,0.31,-88.77%,250.14万,94.49万,2501400.0,944900.0
2026-06-23,,000060,中金岭南,000060_4,7.93,-9.99%,9.88亿,-1.76亿,988000000.0000001,-176000000.0
2026-06-23,3日,000070,特发信息,000070_7,25.08,10.00%,13.19亿,5.22亿,1319000000.0,522000000.0
2026-06-23,,000070,特发信息,000070_3,25.08,10.00%,9.95亿,1.71亿,994999999.9999999,171000000.0
2026-06-23,,000426,兴业银锡,000426_4,38.71,-10.00%,10.53亿,-5.32亿,1052999999.9999999,-532000000.0
2026-06-23,3日,000571,新大洲A,000571_7,6.41,9.95%,3.29亿,7794.44万,329000000.0,77944400.0
2026-06-23,,000630,铜陵有色,000630_4,7.14,-9.96%,9.81亿,-2.86亿,981000000.0,-286000000.0
2026-06-23,,000783,长江证券,000783_3,9.46,10.00%,7.46亿,3.43亿,746000000.0,343000000.0
2026-06-23,3日,000783,长江证券,000783_7,9.46,10.00%,12.49亿,3.63亿,1249000000.0,363000000.0
2026-06-23,,000811,冰轮环境,000811_5,44.97,1.76%,12.86亿,-2.19亿,1286000000.0,-219000000.0
2026-06-23,,000823,超声电子,000823_5,21.38,-10.02%,6.63亿,-5560.95万,663000000.0,-55609500.0
2026-06-23,,000831,中国稀土,000831_4,59.67,-10.00%,17.02亿,9686.13万,1702000000.0,96861299.99999999
2026-06-23,,000960,锡业股份,000960_5,42.45,-7.54%,26.04亿,-4973.98万,2604000000.0,-49739799.99999999
2026-06-23,,001257,盛龙股份,001257_6,30.43,-10.00%,4.03亿,1.58亿,403000000.0,158000000.0
2026-06-23,,001696,宗申动力,001696_5,22.40,-6.78%,17.57亿,-1.16亿,1757000000.0,-115999999.99999999
2026-06-23,,002068,黑猫股份,002068_3,12.65,10.00%,4.39亿,-888.91万,438999999.99999994,-8889100.0
2026-06-23,3日,002068,黑猫股份,002068_7,12.65,10.00%,6.93亿,8250.96万,693000000.0,82509599.99999999
2026-06-23,,002167,东方锆业,002167_3,19.51,9.98%,6.88亿,-2278.77万,688000000.0,-22787700.0
2026-06-23,3日,002167,东方锆业,002167_7,19.51,9.98%,7.06亿,-532.62万,706000000.0,-5326200.0
2026-06-23,,002297,博云新材,002297_6,32.82,5.19%,20.40亿,3.43亿,2039999999.9999998,343000000.0
2026-06-23,,002354,天娱数科,002354_6,8.11,-4.59%,10.47亿,3806.52万,1047000000.0000001,38065200.0
2026-06-23,,002421,达实智能,002421_6,4.02,-4.51%,4.82亿,-7897.52万,482000000.0,-78975200.0
2026-06-23,,002484,江海股份,002484_4,94.50,-10.00%,25.62亿,-3.06亿,2562000000.0,-306000000.0
2026-06-23,,002580,圣阳股份,002580_3,23.19,10.01%,4.30亿,1.52亿,430000000.0,152000000.0
2026-06-23,3日,002667,*ST威领,002667_11,13.88,-0.14%,1.87亿,-7984.57万,187000000.0,-79845700.0
2026-06-23,3日,002672,东江环保,002672_7,4.13,10.13%,1.24亿,3119.35万,124000000.0,31193500.0
2026-06-23,,002700,万憬能源,002700_5,8.08,-9.92%,1.65亿,-939.40万,165000000.0,-9394000.0
2026-06-23,3日,002805,丰元股份,002805_7,29.40,-0.57%,8.40亿,1.49亿,840000000.0,149000000.0
2026-06-23,,002808,恒久退,002808_35,0.20,-92.93%,418.55万,-33.00万,4185500.0,-330000.0
2026-06-23,3日,002830,名雕股份,002830_7,17.77,10.03%,1.66亿,8290.45万,166000000.0,82904500.0
2026-06-23,,002842,翔鹭钨业,002842_6,48.38,-7.83%,9.35亿,1.83亿,935000000.0,183000000.0
2026-06-23,,300029,天龙退,300029_35,0.17,-5.56%,353.96万,-11.78万,3539600.0,-117800.0
2026-06-23,3日,300085,银之杰,300085_44,38.82,20.00%,18.23亿,5.47亿,1823000000.0,547000000.0
2026-06-23,,300085,银之杰,300085_40,38.82,20.00%,9.98亿,1.82亿,998000000.0,182000000.0
2026-06-23,,300149,睿智医药,300149_40,9.14,19.95%,1.47亿,7134.13万,147000000.0,71341300.0
2026-06-23,,300179,四方达,300179_43,56.99,-0.85%,20.97亿,-3.31亿,2097000000.0,-331000000.0
2026-06-23,,300665,飞鹿股份,300665_40,11.76,20.00%,1.89亿,1670.92万,189000000.0,16709200.0
2026-06-23,,300721,怡达股份,300721_40,34.15,19.99%,4.07亿,2.48亿,407000000.0,248000000.0
2026-06-23,,300835,龙磁科技,300835_40,234.31,20.00%,13.69亿,7.31亿,1369000000.0,731000000.0
2026-06-23,3日,300943,春晖智控,300943_44,45.30,-0.85%,9.34亿,5860.05万,934000000.0,58600500.0
2026-06-23,,301013,利和兴,301013_43,70.32,3.60%,15.07亿,-1.18亿,1507000000.0,-118000000.0
2026-06-23,3日,301071,力量钻石,301071_44,98.95,7.65%,19.06亿,3.19亿,1905999999.9999998,319000000.0
2026-06-23,,301139,*ST元道,301139_43,4.83,-3.79%,3093.97万,-415.65万,30939699.999999996,-4156500.0
2026-06-23,3日,301548,崇德科技,301548_44,97.75,5.04%,4.70亿,6084.83万,470000000.0,60848300.0
2026-06-23,3日,301580,爱迪特,301580_44,84.01,10.83%,9.83亿,6953.81万,983000000.0,69538100.0
2026-06-23,,301580,爱迪特,301580_43,84.01,10.83%,8.73亿,1.31亿,873000000.0,131000000.0
2026-06-23,,301687,新广益,301687_43,86.56,11.00%,3.97亿,-2876.78万,397000000.0,-28767800.000000004
2026-06-23,3日,600172,黄河旋风,600172_7,16.95,9.99%,15.66亿,4.94亿,1566000000.0,494000000.00000006
2026-06-23,,600172,黄河旋风,600172_6,16.95,9.99%,13.02亿,3.39亿,1302000000.0,339000000.0
2026-06-23,,600193,退市创兴,600193_35,0.15,0.00%,301.47万,-30.02万,3014700.0000000005,-300200.0
2026-06-23,3日,600206,有研新材,600206_7,48.35,3.40%,34.98亿,3.08亿,3497999999.9999995,308000000.0
2026-06-23,,600322,津投城开,600322_3,2.93,10.15%,9540.46万,2253.27万,95404599.99999999,22532700.0
2026-06-23,3日,600322,津投城开,600322_7,2.93,10.15%,1.42亿,3976.72万,142000000.0,39767200.0
2026-06-23,3日,600345,长江通信,600345_7,73.00,2.44%,13.10亿,1.64亿,1310000000.0,164000000.0
2026-06-23,3日,600353,旭光电子,600353_7,48.80,5.61%,37.42亿,19.38亿,3742000000.0,1938000000.0
2026-06-23,,600362,江西铜业,600362_4,49.37,-10.01%,12.49亿,-3.39亿,1249000000.0,-339000000.0
2026-06-23,,600367,红星发展,600367_5,56.00,-10.00%,9.14亿,-3.12亿,914000000.0,-312000000.0
2026-06-23,3日,600381,*ST春天,600381_28,5.43,2.65%,2441.23万,-204.44万,24412300.0,-2044400.0
2026-06-23,3日,600397,江钨装备,600397_7,24.44,9.99%,11.58亿,4.58亿,1158000000.0,458000000.0
2026-06-23,3日,600400,红豆股份,600400_7,3.26,10.13%,2.44亿,3007.96万,244000000.0,30079600.0
2026-06-23,,600400,红豆股份,600400_3,3.26,10.13%,1.27亿,5121.72万,127000000.0,51217200.0
2026-06-23,3日,600470,六国化工,600470_7,6.50,9.98%,2.44亿,3268.49万,244000000.0,32684899.999999996
2026-06-23,,600489,中金黄金,600489_4,20.03,-10.02%,8.80亿,-3.40亿,880000000.0000001,-340000000.0
2026-06-23,,600540,新赛股份,600540_4,3.75,-10.07%,2107.54万,375.04万,21075400.0,3750400.0
2026-06-23,,600598,北大荒,600598_4,12.47,-10.03%,6765.18万,-1089.84万,67651800.0,-10898400.0
2026-06-23,,600608,退市沪科,600608_35,0.18,0.00%,152.36万,-19.32万,1523600.0000000002,-193200.0
2026-06-23,3日,600851,海欣股份,600851_7,9.72,9.96%,2.05亿,-3035.22万,204999999.99999997,-30352199.999999996
2026-06-23,3日,600961,株冶集团,600961_7,33.10,4.42%,15.94亿,2.00亿,1594000000.0,200000000.0
2026-06-23,,601168,西部矿业,601168_4,30.03,-10.01%,9.85亿,-4.33亿,985000000.0,-433000000.0
2026-06-23,3日,601869,长飞光纤,601869_7,570.58,10.00%,35.99亿,10.93亿,3599000000.0,1093000000.0
2026-06-23,,601958,金钼股份,601958_5,27.80,-8.76%,12.78亿,1.26亿,1278000000.0,126000000.0
2026-06-23,3日,603065,宿迁联盛,603065_7,17.90,4.19%,6.66亿,-5484.71万,666000000.0,-54847100.0
2026-06-23,,603082,北自科技,603082_6,47.00,4.14%,2.62亿,1.32亿,262000000.0,132000000.0
2026-06-23,,603090,宏盛股份,603090_5,58.40,-5.76%,1.13亿,-3702.67万,112999999.99999999,-37026700.0
2026-06-23,,603106,恒银科技,603106_3,8.09,10.07%,4669.29万,2660.90万,46692900.0,26609000.0
2026-06-23,3日,603201,常润股份,603201_7,21.35,4.71%,3.13亿,-778.02万,313000000.0,-7780200.0
2026-06-23,,603261,立航科技,603261_5,50.08,7.26%,6329.01万,-64.15万,63290100.0,-641500.0
2026-06-23,,603318,水发燃气,603318_6,11.69,9.97%,1.78亿,2643.06万,178000000.0,26430600.0
2026-06-23,,603335,迪生力,603335_5,9.02,10.00%,1.83亿,5479.02万,183000000.0,54790200.00000001
2026-06-23,,603399,永杉锂业,603399_6,20.56,-3.16%,5.63亿,-7263.27万,563000000.0,-72632700.0
2026-06-23,,603407,长裕集团,603407_6,82.32,9.99%,2.83亿,-277.97万,283000000.0,-2779700.0000000005
2026-06-23,3日,603407,长裕集团,603407_7,82.32,9.99%,2.83亿,-280.96万,283000000.0,-2809600.0
2026-06-23,3日,603595,ST东尼,603595_28,31.94,5.00%,5225.43万,-1071.72万,52254300.0,-10717200.0
2026-06-23,3日,603629,利通电子,603629_7,201.93,3.96%,37.56亿,3722.97万,3756000000.0,37229700.0
2026-06-23,3日,603663,三祥新材,603663_7,101.07,5.02%,38.14亿,3.45亿,3814000000.0,345000000.0
2026-06-23,,603669,灵康药业,603669_3,5.56,10.10%,8760.14万,1440.48万,87601400.0,14404800.0
2026-06-23,,603717,天域生物,603717_3,6.79,10.05%,8995.26万,-820.38万,89952600.0,-8203800.0
2026-06-23,3日,603727,博迈科,603727_7,18.80,7.92%,1.98亿,2394.10万,198000000.0,23941000.0
2026-06-23,3日,603757,大元泵业,603757_7,67.84,10.01%,5.26亿,1.51亿,526000000.0,151000000.0
2026-06-23,3日,603938,三孚股份,603938_7,65.12,10.00%,7.16亿,2.98亿,716000000.0,298000000.0
2026-06-23,3日,603950,长源东谷,603950_7,75.56,4.39%,13.87亿,-1.48亿,1387000000.0,-148000000.0
2026-06-23,3日,605069,正和生态,605069_7,13.40,10.02%,8513.59万,4714.51万,85135900.0,47145100.0
2026-06-23,,605081,退市太和,605081_35,0.37,-2.63%,117.97万,28.58万,1179700.0,285800.0
2026-06-23,3日,605377,华旺科技,605377_7,9.24,10.00%,1.03亿,1422.27万,103000000.0,14222700.0
2026-06-23,3日,605580,恒盛能源,605580_7,29.07,9.99%,2.29亿,6640.70万,229000000.0,66407000.0
2026-06-23,3日,688026,洁特生物,688026_44,17.71,10.69%,1.89亿,2815.96万,189000000.0,28159600.0
2026-06-23,,688179,阿拉丁,688179_40,26.91,18.13%,3.88亿,8855.14万,388000000.0,88551400.0
2026-06-23,3日,688268,华特气体,688268_44,249.09,13.71%,13.57亿,1.85亿,1357000000.0,185000000.0
2026-06-23,,688291,金橙子,688291_40,63.78,20.00%,1.93亿,659.45万,193000000.0,6594500.0
2026-06-23,3日,688729,屹唐股份,688729_44,38.18,5.62%,21.21亿,6.41亿,2121000000.0,641000000.0
2026-06-24,,000004,国华退,000004_35,0.28,-9.68%,113.94万,-21.40万,1139400.0,-214000.0
2026-06-24,,000021,深科技,000021_3,50.27,10.00%,20.21亿,8.10亿,2021000000.0,810000000.0
2026-06-24,,000029,深深房A,000029_4,26.15,-9.98%,5409.75万,-2558.01万,54097500.0,-25580100.000000004
2026-06-24,3日,000056,*ST皇庭,000056_28,1.88,2.17%,5953.28万,464.73万,59532800.0,4647300.0
2026-06-24,,000151,中成股份,000151_4,11.95,-10.02%,6744.86万,-302.85万,67448600.0,-3028500.0
2026-06-24,3日,000566,海南海药,000566_7,4.49,10.05%,1.24亿,228.68万,124000000.0,2286800.0
2026-06-24,3日,000962,东方钽业,000962_7,76.38,4.92%,33.30亿,2109.25万,3329999999.9999995,21092500.0
2026-06-24,,001216,华瓷股份,001216_4,16.55,-9.31%,7935.55万,-579.21万,79355500.0,-5792100.0
2026-06-24,,001229,魅视科技,001229_5,28.52,8.81%,6911.43万,2716.64万,69114300.0,27166400.0
2026-06-24,,001257,盛龙股份,001257_6,29.65,-2.56%,3.78亿,8399.34万,378000000.0,83993400.0
2026-06-24,3日,001359,平安电工,001359_7,129.03,10.00%,8.67亿,3385.07万,867000000.0,33850700.0
2026-06-24,,001696,宗申动力,001696_5,23.40,4.46%,14.24亿,-1.06亿,1424000000.0,-106000000.0
2026-06-24,,002008,大族激光,002008_5,152.23,4.91%,57.25亿,-2.28亿,5725000000.0,-227999999.99999997
2026-06-24,,002068,黑猫股份,002068_5,13.48,6.56%,4.82亿,8076.76万,482000000.0,80767600.0
2026-06-24,,002167,东方锆业,002167_306,21.46,9.99%,16.46亿,5.16亿,1646000000.0,516000000.0
2026-06-24,3日,002289,*ST宇顺,002289_28,48.37,4.99%,1.20亿,1176.88万,120000000.0,11768800.000000002
2026-06-24,,002297,博云新材,002297_6,33.66,2.56%,10.90亿,-2.25亿,1090000000.0,-225000000.0
2026-06-24,3日,002346,柘中股份,002346_7,23.09,7.50%,3.85亿,6496.66万,385000000.0,64966600.0
2026-06-24,3日,002367,康力电梯,002367_7,6.56,9.52%,2.78亿,3418.72万,278000000.0,34187200.0
2026-06-24,,002409,雅克科技,002409_3,173.05,10.00%,20.01亿,2.04亿,2001000000.0000002,204000000.0
2026-06-24,,002421,达实智能,002421_6,4.09,1.74%,4.71亿,-6621.01万,471000000.0,-66210100.0
2026-06-24,,002428,云南锗业,002428_305,123.09,10.00%,34.36亿,2.13亿,3436000000.0,213000000.0
2026-06-24,3日,002428,云南锗业,002428_7,123.09,10.00%,86.00亿,11.77亿,8600000000.0,1177000000.0
2026-06-24,,002535,林州重机,002535_4,2.22,-10.12%,2189.29万,-376.48万,21892900.0,-3764800.0
2026-06-24,3日,002580,圣阳股份,002580_7,25.51,10.00%,12.60亿,5245.98万,1260000000.0,52459799.99999999
2026-06-24,,002580,圣阳股份,002580_6,25.51,10.00%,9.94亿,-5301.96万,994000000.0,-53019600.0
2026-06-24,3日,002581,*ST未名,002581_29,3.39,-4.24%,5141.56万,381.70万,51415600.00000001,3817000.0
2026-06-24,3日,002584,西陇科学,002584_7,11.02,9.98%,2.76亿,1.29亿,276000000.0,129000000.0
2026-06-24,,002600,领益智造,002600_3,17.66,10.03%,29.27亿,13.35亿,2927000000.0,1335000000.0
2026-06-24,3日,002631,德尔未来,002631_7,9.89,10.01%,4.39亿,3898.60万,438999999.99999994,38986000.0
2026-06-24,,002672,东江环保,002672_4,3.77,-8.72%,6424.01万,-2034.62万,64240100.0,-20346200.0
2026-06-24,3日,002674,兴业科技,002674_7,23.83,10.02%,9439.87万,3921.12万,94398700.00000001,39211200.0
2026-06-24,3日,002687,乔治白,002687_7,5.07,9.98%,1.58亿,2794.78万,158000000.0,27947800.000000004
2026-06-24,3日,002789,*ST建艺,002789_29,12.75,-4.99%,9782.24万,-2057.12万,97822400.0,-20571200.0
2026-06-24,,002808,恒久退,002808_35,0.18,-10.00%,373.03万,8.65万,3730299.9999999995,86500.0
2026-06-24,3日,002822,ST中装,002822_28,2.63,5.20%,815.83万,408.88万,8158300.0,4088800.0
2026-06-24,,300029,天龙退,300029_35,0.15,-11.77%,316.68万,-51.67万,3166800.0,-516700.0
2026-06-24,,300506,名家汇,300506_40,5.68,20.09%,1.58亿,6361.04万,158000000.0,63610400.0
2026-06-24,,300665,飞鹿股份,300665_43,12.22,3.91%,2.27亿,86.71万,227000000.0,867099.9999999999
2026-06-24,,300721,怡达股份,300721_43,34.98,2.43%,6.17亿,-1.21亿,617000000.0,-121000000.0
2026-06-24,,301310,鑫宏业,301310_40,53.86,20.01%,3.23亿,1689.44万,323000000.0,16894400.0
2026-06-24,,301366,一博科技,301366_40,62.84,19.99%,5.13亿,9345.83万,513000000.0,93458300.0
2026-06-24,3日,301396,宏景科技,301396_44,297.60,20.00%,49.21亿,4.08亿,4921000000.0,408000000.0
2026-06-24,,301396,宏景科技,301396_40,297.60,20.00%,17.73亿,4.96亿,1773000000.0,496000000.0
2026-06-24,,301669,高特电子,301669_43040,45.20,19.99%,4.01亿,2.23亿,401000000.0,223000000.0
2026-06-24,,600026,中远海能,600026_3,22.83,10.02%,9.66亿,2864.75万,966000000.0,28647500.0
2026-06-24,,600172,黄河旋风,600172_6,17.10,0.89%,19.28亿,-3.11亿,1928000000.0,-311000000.0
2026-06-24,3日,600176,中国巨石,600176_7,64.82,9.99%,102.59亿,-8.08亿,10259000000.0,-808000000.0
2026-06-24,,600193,退市创兴,600193_35,0.15,0.00%,206.70万,-55.28万,2067000.0,-552800.0
2026-06-24,,600226,亨通股份,600226_3,11.41,10.03%,10.23亿,8861.49万,1023000000.0,88614900.0
2026-06-24,3日,600379,宝光股份,600379_7,15.10,9.98%,3.11亿,9222.69万,311000000.0,92226900.0
2026-06-24,,600379,宝光股份,600379_6,15.10,9.98%,2.42亿,9269.52万,242000000.0,92695200.0
2026-06-24,,600397,江钨装备,600397_5,25.51,4.38%,14.61亿,8958.01万,1461000000.0,89580100.0
2026-06-24,,600598,北大荒,600598_4,11.22,-10.02%,3.61亿,-2.28亿,361000000.0,-227999999.99999997
2026-06-24,,600608,退市沪科,600608_4035,0.16,-11.11%,174.29万,-50.77万,1742900.0,-507700.00000000006
2026-06-24,3日,600703,三安光电,600703_7,21.81,9.98%,54.38亿,-8.19亿,5438000000.0,-819000000.0
2026-06-24,3日,600876,凯盛新能,600876_8,7.78,-8.58%,6460.56万,287.13万,64605600.00000001,2871300.0
2026-06-24,,600909,华安证券,600909_3,11.51,10.04%,14.68亿,2.04亿,1468000000.0,204000000.0
2026-06-24,3日,600909,华安证券,600909_7,11.51,10.04%,27.29亿,6.90亿,2729000000.0,690000000.0
2026-06-24,,600977,中国电影,600977_4,13.59,-10.00%,2.70亿,-1.25亿,270000000.0,-125000000.0
2026-06-24,3日,601872,招商轮船,601872_7,21.91,9.99%,32.21亿,2.22亿,3221000000.0,222000000.00000003
2026-06-24,,603001,奥康国际,603001_3,14.14,10.04%,1.77亿,-2617.33万,177000000.0,-26173300.0
2026-06-24,,603005,晶方科技,603005_6,49.63,4.93%,15.96亿,-3.88亿,1596000000.0,-388000000.0
2026-06-24,3日,603021,*ST华鹏,603021_28,6.64,5.06%,5585.28万,369.08万,55852800.0,3690800.0
2026-06-24,,603082,北自科技,603082_6,46.95,-0.11%,1.99亿,-3044.42万,199000000.0,-30444200.0
2026-06-24,3日,603083,剑桥科技,603083_7,262.21,10.00%,72.05亿,-2.74亿,7205000000.0,-274000000.0
2026-06-24,,603318,水发燃气,603318_4,10.52,-10.01%,7440.65万,-2215.03万,74406500.0,-22150300.000000004
2026-06-24,,603399,永杉锂业,603399_3,22.62,10.02%,6.11亿,2.91亿,611000000.0,291000000.0
2026-06-24,,603407,长裕集团,603407_6,90.55,10.00%,2.83亿,1.32亿,283000000.0,132000000.0
2026-06-24,3日,603580,*ST艾艾,603580_29,24.00,-2.75%,6767.68万,868.15万,67676800.0,8681500.0
2026-06-24,,603890,春秋电子,603890_5,29.44,5.37%,3.59亿,4785.26万,359000000.0,47852600.0
2026-06-24,,603895,天永智能,603895_5,31.00,-5.00%,1.19亿,-5457.74万,119000000.0,-54577400.0
2026-06-24,3日,603906,龙蟠科技,603906_7,29.10,5.97%,12.76亿,-6129.98万,1276000000.0,-61299799.99999999
2026-06-24,,603936,博敏电子,603936_5,27.09,-3.29%,8.85亿,-2.89亿,885000000.0,-289000000.0
2026-06-24,,605081,退市太和,605081_35,0.36,-2.70%,154.53万,-26.57万,1545300.0,-265700.0
2026-06-24,3日,605178,时空科技,605178_7,78.63,7.86%,5.29亿,1.47亿,529000000.0,147000000.0
2026-06-24,3日,605303,园林股份,605303_8,25.31,-9.99%,5859.16万,-1413.60万,58591600.0,-14136000.0
2026-06-24,3日,605366,宏柏新材,605366_7,11.88,10.00%,2.57亿,2719.99万,256999999.99999997,27199899.999999996
2026-06-24,,605566,福莱蒽特,605566_4,43.81,-10.00%,8829.86万,1865.10万,88298600.0,18651000.0
2026-06-24,,605580,恒盛能源,605580_5,30.51,4.95%,1.96亿,-1692.66万,196000000.0,-16926600.0
2026-06-24,,688123,聚辰股份,688123_40,165.88,20.00%,16.98亿,5.27亿,1698000000.0,526999999.99999994
2026-06-24,,688403,汇成股份,688403_40,36.20,19.99%,9.95亿,4.72亿,994999999.9999999,472000000.0
2026-06-24,,688507,索辰科技,688507_40,276.60,16.18%,6.15亿,3.34亿,615000000.0,334000000.0
2026-06-24,,688593,新相微,688593_40,35.78,19.99%,6.55亿,-770.97万,655000000.0,-7709700.0
2026-06-24,,688627,精智达,688627_40,638.00,16.21%,19.05亿,-6150.46万,1905000000.0,-61504600.0
2026-06-25,,000004,国华退,000004_35,0.26,-7.14%,192.91万,-34.62万,1929100.0,-346200.0
2026-06-25,,000100,TCL科技,000100_3,5.34,10.10%,34.06亿,9.93亿,3406000000.0,993000000.0
2026-06-25,,000636,风华高科,000636_3,79.62,10.00%,27.12亿,8.53亿,2712000000.0,852999999.9999999
2026-06-25,3日,000703,恒逸石化,000703_7,15.53,5.00%,17.69亿,-4540.99万,1769000000.0000002,-45409900.0
2026-06-25,,000783,长江证券,000783_3,10.15,9.97%,14.40亿,1.99亿,1440000000.0,199000000.0
2026-06-25,3日,000811,冰轮环境,000811_7,53.52,10.01%,30.95亿,-5.27亿,3095000000.0,-526999999.99999994
2026-06-25,3日,000826,*ST启环,000826_29,1.82,-5.21%,2695.57万,-393.29万,26955700.0,-3932900.0
2026-06-25,,001257,盛龙股份,001257_6,29.65,0.00%,3.27亿,-4424.18万,327000000.0,-44241800.0
2026-06-25,,001309,德明利,001309_3,891.00,10.00%,39.38亿,5.07亿,3938000000.0000005,507000000.0
2026-06-25,3日,001309,德明利,001309_7,891.00,10.00%,89.51亿,13.12亿,8951000000.0,1312000000.0
2026-06-25,,002025,航天电器,002025_3,73.27,10.00%,10.61亿,9646.96万,1061000000.0,96469599.99999999
2026-06-25,3日,002025,航天电器,002025_7,73.27,10.00%,16.73亿,1.79亿,1673000000.0,179000000.0
2026-06-25,,002141,贤丰控股,002141_5,5.24,10.08%,2.08亿,-947.71万,208000000.0,-9477100.0
2026-06-25,,002167,东方锆业,002167_6,22.77,6.10%,13.23亿,-8564.25万,1323000000.0,-85642500.0
2026-06-25,3日,002217,ST合力泰,002217_29,2.17,-4.83%,1418.81万,-528.53万,14188100.0,-5285300.0
2026-06-25,,002354,天娱数科,002354_406,8.03,-9.98%,9.26亿,-1.60亿,926000000.0,-160000000.0
2026-06-25,,002443,金洲管道,002443_4,9.91,-9.99%,1.15亿,-3783.22万,114999999.99999999,-37832200.0
2026-06-25,3日,002514,*ST宝馨,002514_29,2.37,-4.82%,4016.58万,-21.75万,40165800.0,-217500.0
2026-06-25,3日,002536,飞龙股份,002536_7,51.89,4.85%,28.88亿,7744.40万,2888000000.0,77444000.0
2026-06-25,,002580,圣阳股份,002580_6,25.28,-0.90%,11.11亿,-7472.03万,1111000000.0,-74720300.0
2026-06-25,,002584,西陇科学,002584_506,10.27,-6.81%,5.31亿,-4911.56万,530999999.99999994,-49115600.00000001
2026-06-25,,002687,乔治白,002687_4,4.56,-10.06%,1.03亿,-3451.59万,103000000.0,-34515900.0
2026-06-25,,002808,恒久退,002808_35,0.17,-5.56%,197.59万,-22.22万,1975900.0,-222200.0
2026-06-25,3日,002821,凯莱英,002821_7,151.46,6.99%,17.27亿,-4822.73万,1727000000.0,-48227299.99999999
2026-06-25,,002931,锋龙股份,002931_4,66.94,-10.00%,2.75亿,4400.19万,275000000.0,44001899.99999999
2026-06-25,3日,002976,瑞玛精密,002976_7,35.70,4.82%,7.41亿,6774.12万,741000000.0,67741200.0
2026-06-25,3日,002990,盛视科技,002990_7,72.60,10.00%,9.28亿,1.21亿,927999999.9999999,121000000.0
2026-06-25,,003013,地铁设计,003013_4,15.00,-10.02%,1.24亿,-1368.32万,124000000.0,-13683200.0
2026-06-25,3日,300005,探路者,300005_44,22.77,3.74%,22.58亿,3.15亿,2258000000.0,315000000.0
2026-06-25,,300029,天龙退,300029_35,0.15,0.00%,173.99万,2.93万,1739900.0,29300.0
2026-06-25,3日,300195,长荣股份,300195_44,7.51,13.79%,2.86亿,6921.09万,286000000.0,69210900.0
2026-06-25,,300223,北京君正,300223_40,237.36,20.00%,51.88亿,4.91亿,5188000000.0,491000000.0
2026-06-25,,300650,太龙股份,300650_40,14.86,20.03%,1.64亿,7253.90万,164000000.0,72539000.0
2026-06-25,,300721,怡达股份,300721_43,35.15,0.49%,3.91亿,-5875.87万,391000000.0,-58758700.0
2026-06-25,,300806,斯迪克,300806_40,117.88,17.77%,20.45亿,4.05亿,2045000000.0,405000000.0
2026-06-25,,300819,聚杰微纤,300819_40,84.22,20.01%,3.35亿,1.64亿,335000000.0,164000000.0
2026-06-25,3日,300835,龙磁科技,300835_44,253.15,1.94%,34.83亿,10.34亿,3483000000.0,1034000000.0
2026-06-25,3日,300961,深水海纳,300961_44,14.57,10.38%,2.91亿,2380.58万,291000000.0,23805800.0
2026-06-25,,301418,协昌科技,301418_43040,54.63,16.66%,1.51亿,9658.51万,151000000.0,96585100.0
2026-06-25,,301669,高特电子,301669_43,47.37,4.80%,6.05亿,362.26万,605000000.0,3622600.0
2026-06-25,,600078,澄星股份,600078_5,15.29,5.59%,3.75亿,-2184.93万,375000000.0,-21849300.0
2026-06-25,3日,600141,兴发集团,600141_7,47.48,10.01%,24.47亿,1.32亿,2447000000.0,132000000.0
2026-06-25,,600162,香江控股,600162_5,3.50,-6.17%,3.84亿,-6614.25万,384000000.0,-66142500.0
2026-06-25,,600172,黄河旋风,600172_506,18.27,6.84%,14.25亿,-1.65亿,1425000000.0,-165000000.0
2026-06-25,,600193,退市创兴,600193_35,0.15,0.00%,171.98万,14.37万,1719800.0,143700.0
2026-06-25,,600237,铜峰电子,600237_5,12.99,9.99%,3.58亿,1.03亿,358000000.0,103000000.0
2026-06-25,,600500,中化国际,600500_3,8.64,10.06%,8.62亿,6934.13万,861999999.9999999,69341300.0
2026-06-25,,600516,方大炭素,600516_3,6.77,10.08%,4.17亿,1.89亿,417000000.0,189000000.0
2026-06-25,,600579,中化装备,600579_3,7.89,10.04%,5185.71万,2701.41万,51857100.0,27014100.0
2026-06-25,3日,600584,长电科技,600584_7,104.17,10.00%,84.87亿,41.12亿,8487000000.0,4111999999.9999995
2026-06-25,3日,600598,北大荒,600598_8,10.69,-4.72%,6.05亿,-2.82亿,605000000.0,-282000000.0
2026-06-25,,600608,退市沪科,600608_35,0.17,6.25%,165.83万,-11.38万,1658300.0000000002,-113800.00000000001
2026-06-25,3日,600667,太极实业,600667_7,25.31,10.00%,14.02亿,7.22亿,1402000000.0,722000000.0
2026-06-25,3日,600708,光明地产,600708_7,3.64,8.66%,2.34亿,3582.75万,234000000.0,35827500.0
2026-06-25,,600719,大连热电,600719_4,8.47,-9.99%,1.02亿,-2428.84万,102000000.0,-24288400.0
2026-06-25,3日,600877,电科芯片,600877_7,16.64,2.72%,5.85亿,2178.16万,585000000.0,21781600.0
2026-06-25,,600903,贵州燃气,600903_3,7.99,10.05%,1.65亿,788.56万,165000000.0,7885599.999999999
2026-06-25,,603082,北自科技,603082_6,45.00,-4.15%,2.06亿,-493.18万,206000000.0,-4931800.0
2026-06-25,3日,603159,上海亚虹,603159_8,18.96,-9.97%,7107.05万,-275.46万,71070500.0,-2754600.0
2026-06-25,3日,603177,德创环保,603177_8,8.78,-9.95%,1.48亿,-3117.59万,148000000.0,-31175900.0
2026-06-25,,603201,常润股份,603201_4,17.30,-9.99%,4360.49万,-991.94万,43604900.0,-9919400.0
2026-06-25,3日,603272,*ST联翔,603272_29,25.29,-5.00%,4548.68万,46.21万,45486800.0,462100.0
2026-06-25,,603313,梦百合,603313_3,5.59,10.04%,4747.94万,2619.34万,47479399.99999999,26193400.0
2026-06-25,,603335,迪生力,603335_6,9.10,10.04%,2.44亿,2386.02万,244000000.0,23860200.0
2026-06-25,,603399,永杉锂业,603399_6,22.74,0.53%,7.80亿,-1.40亿,780000000.0,-140000000.0
2026-06-25,,603407,长裕集团,603407_6,91.87,1.46%,8.00亿,1.99亿,800000000.0,199000000.0
2026-06-25,3日,603429,*ST集友,603429_29,9.32,-5.00%,3815.25万,-224.96万,38152500.0,-2249600.0
2026-06-25,,603578,三星新材,603578_4,12.76,-10.01%,4166.44万,-941.55万,41664399.99999999,-9415500.0
2026-06-25,3日,603678,火炬电子,603678_7,75.13,10.00%,6.41亿,1.74亿,641000000.0,174000000.0
2026-06-25,3日,603713,密尔克卫,603713_7,75.65,10.00%,5.27亿,1.08亿,526999999.99999994,108000000.0
2026-06-25,,603716,塞力医疗,603716_4,15.41,-9.99%,5459.31万,-1082.58万,54593100.00000001,-10825800.0
2026-06-25,3日,603929,亚翔集成,603929_7,255.07,10.00%,8.29亿,2.41亿,828999999.9999999,241000000.0
2026-06-25,3日,603986,兆易创新,603986_7,775.21,9.95%,212.03亿,28.33亿,21203000000.0,2833000000.0
2026-06-25,3日,603989,艾华集团,603989_7,53.75,10.01%,5.46亿,4101.82万,546000000.0,41018200.0
2026-06-25,,605081,退市太和,605081_35,0.35,-2.78%,239.57万,-24.53万,2395700.0,-245300.0
2026-06-25,3日,605336,*ST帅电,605336_28,15.88,2.39%,5796.17万,639.86万,57961700.0,6398600.0
2026-06-25,3日,605369,拱东医疗,605369_7,19.06,4.72%,2.38亿,2662.82万,238000000.0,26628200.0
2026-06-25,,605566,福莱蒽特,605566_4,39.43,-10.00%,1.55亿,1860.21万,155000000.0,18602100.0
2026-06-25,3日,605566,福莱蒽特,605566_8,39.43,-10.00%,2.26亿,3797.79万,225999999.99999997,37977900.0
2026-06-25,,605589,圣泉集团,605589_5,72.96,10.00%,10.05亿,1.60亿,1005000000.0000001,160000000.0
2026-06-25,,688093,世华科技,688093_40,34.72,20.01%,1.81亿,2696.41万,181000000.0,26964100.0
2026-06-25,3日,688123,聚辰股份,688123_44,187.80,13.21%,49.31亿,17.16亿,4931000000.0,1716000000.0
2026-06-25,3日,688367,工大高科,688367_45,35.80,-11.69%,3.29亿,-7560.58万,329000000.0,-75605800.0
2026-06-25,,688376,美埃科技,688376_40,101.52,20.00%,2.65亿,-5918.81万,265000000.0,-59188100.00000001
2026-06-25,,688380,中微半导,688380_40,61.74,20.00%,6.19亿,2.98亿,619000000.0,298000000.0
2026-06-25,,688381,帝奥微,688381_40,51.90,20.00%,5.56亿,1.42亿,556000000.0,142000000.0
2026-06-25,3日,688403,汇成股份,688403_44,41.30,14.09%,36.08亿,-9638.73万,3608000000.0,-96387300.0
2026-06-25,,688639,华恒生物,688639_41,17.12,-20.00%,2740.99万,-1771.53万,27409899.999999996,-17715300.0
2026-06-25,,688669,聚石化学,688669_40,88.73,20.00%,3.56亿,2865.31万,356000000.0,28653100.0
2026-06-26,,000004,国华退,000004_35,0.28,7.69%,285.84万,100.45万,2858399.9999999995,1004500.0
2026-06-26,3日,000056,*ST皇庭,000056_28,2.07,5.08%,6083.94万,-574.13万,60839399.99999999,-5741300.0
2026-06-26,3日,000609,*ST中迪,000609_28,12.29,5.04%,9485.72万,169.69万,94857200.0,1696900.0
2026-06-26,,000766,通化金马,000766_5,23.95,-10.00%,3.30亿,-9901.86万,330000000.0,-99018600.0
2026-06-26,3日,000823,超声电子,000823_7,28.46,10.01%,10.85亿,1.30亿,1085000000.0,130000000.0
2026-06-26,,000823,超声电子,000823_3,28.46,10.01%,8.02亿,4075.18万,802000000.0,40751800.0
2026-06-26,3日,000838,*ST发展,000838_28,1.67,5.03%,3739.84万,646.49万,37398400.0,6464900.0
2026-06-26,,001389,广合科技,001389_3,220.88,10.00%,19.98亿,3.69亿,1998000000.0,369000000.0
2026-06-26,3日,001389,广合科技,001389_7,220.88,10.00%,32.74亿,3.68亿,3274000000.0,368000000.0
2026-06-26,,001399,惠科股份,001399_13,42.00,315.02%,12.34亿,4.18亿,1234000000.0,418000000.0
2026-06-26,,001896,豫能控股,001896_5,16.81,-9.62%,5.98亿,3893.16万,598000000.0,38931600.0
2026-06-26,3日,002080,中材科技,002080_7,97.67,5.10%,76.89亿,-1324.41万,7689000000.0,-13244100.0
2026-06-26,,002119,康强电子,002119_3,37.02,10.02%,8.79亿,1.64亿,878999999.9999999,164000000.0
2026-06-26,,002129,TCL中环,002129_3,11.19,10.03%,16.46亿,5.97亿,1646000000.0,597000000.0
2026-06-26,3日,002129,TCL中环,002129_7,11.19,10.03%,23.11亿,5.45亿,2311000000.0,545000000.0
2026-06-26,3日,002141,贤丰控股,002141_7,5.76,9.92%,3.92亿,7117.96万,392000000.0,71179600.0
2026-06-26,,002354,天娱数科,002354_306,8.83,9.96%,13.11亿,2.99亿,1311000000.0,299000000.0
2026-06-26,3日,002409,雅克科技,002409_7,188.60,4.18%,56.16亿,-1.98亿,5616000000.0,-198000000.0
2026-06-26,3日,002512,ST达华,002512_29,3.33,-4.58%,7099.17万,-1987.02万,70991700.0,-19870200.0
2026-06-26,3日,002547,*ST春兴,002547_29,2.49,-4.60%,6045.12万,-818.73万,60451200.0,-8187300.0
2026-06-26,,002579,中京电子,002579_6,22.78,6.95%,13.52亿,1.01亿,1352000000.0,101000000.0
2026-06-26,3日,002579,中京电子,002579_7,22.78,6.95%,19.77亿,6422.45万,1977000000.0,64224500.0
2026-06-26,,002584,西陇科学,002584_6,9.62,-6.33%,4.21亿,-3485.40万,421000000.0,-34854000.0
2026-06-26,3日,002667,*ST威领,002667_29,11.90,-5.03%,9091.79万,-2082.71万,90917900.00000001,-20827100.0
2026-06-26,3日,002674,兴业科技,002674_7,28.83,10.00%,2.00亿,573.32万,200000000.0,5733200.000000001
2026-06-26,3日,002713,*ST东易,002713_28,12.68,4.97%,1.07亿,982.18万,107000000.0,9821800.0
2026-06-26,3日,002726,ST龙大,002726_29,1.30,-5.11%,2613.40万,-858.56万,26134000.0,-8585600.0
2026-06-26,3日,002787,华源控股,002787_7,32.47,7.02%,6.24亿,6905.58万,624000000.0,69055800.0
2026-06-26,,002808,恒久退,002808_35,0.17,0.00%,134.26万,-15.37万,1342600.0,-153700.0
2026-06-26,3日,002822,ST中装,002822_28,2.90,5.07%,3072.07万,-89.84万,30720700.0,-898400.0
2026-06-26,,002842,翔鹭钨业,002842_6,52.16,1.46%,10.51亿,9807.30万,1051000000.0,98073000.0
2026-06-26,,002898,赛隆退,002898_35,0.35,-95.78%,524.98万,-44.29万,5249800.0,-442900.0
2026-06-26,,002962,五方光电,002962_6,19.34,10.01%,2.01亿,7450.11万,200999999.99999997,74501100.0
2026-06-26,3日,002965,祥鑫科技,002965_7,51.88,10.01%,7.65亿,-5673.12万,765000000.0,-56731200.0
2026-06-26,,300029,天龙退,300029_35,0.15,0.00%,92.75万,22.45万,927500.0,224500.0
2026-06-26,,300162,雷曼光电,300162_43040,12.13,19.98%,2.98亿,1.23亿,298000000.0,123000000.0
2026-06-26,,300195,长荣股份,300195_41,6.37,-15.18%,1.16亿,-2012.16万,115999999.99999999,-20121600.0
2026-06-26,,300264,佳创视讯,300264_40,9.77,20.02%,1.70亿,4846.66万,170000000.0,48466600.0
2026-06-26,3日,300398,飞凯材料,300398_44,61.29,8.17%,52.99亿,6191.59万,5299000000.0,61915900.0
2026-06-26,3日,300506,名家汇,300506_44,6.26,6.10%,4.32亿,2835.00万,432000000.0,28350000.0
2026-06-26,,300540,蜀道装备,300540_40,30.50,19.98%,3.14亿,2.03亿,314000000.0,202999999.99999997
2026-06-26,3日,300567,精测电子,300567_44,275.00,4.56%,34.02亿,-2747.39万,3402000000.0000005,-27473900.0
2026-06-26,,300721,怡达股份,300721_43,36.96,5.15%,3.98亿,1006.78万,398000000.0,10067800.0
2026-06-26,,300936,中英科技,300936_41,98.00,-17.73%,2.22亿,2878.30万,222000000.00000003,28783000.0
2026-06-26,3日,301051,信濠光电,301051_44,20.96,19.98%,4.78亿,-7908.24万,478000000.0,-79082400.0
2026-06-26,,301051,信濠光电,301051_40,20.96,19.98%,3.41亿,-2863.88万,341000000.0,-28638800.0
2026-06-26,,301349,信德新材,301349_40,75.60,20.00%,5.82亿,3561.32万,582000000.0,35613200.0
2026-06-26,3日,301526,国际复材,301526_44,52.27,9.17%,84.93亿,-3.19亿,8493000000.000001,-319000000.0
2026-06-26,,301669,高特电子,301669_43,44.33,-6.42%,3.44亿,-4380.37万,344000000.0,-43803700.0
2026-06-26,,600184,光电股份,600184_5,30.21,3.56%,6.72亿,-1879.09万,672000000.0,-18790900.0
2026-06-26,,600193,退市创兴,600193_35,0.16,6.67%,222.33万,55.37万,2223300.0,553700.0
2026-06-26,3日,600206,有研新材,600206_7,60.76,8.19%,45.50亿,-4.62亿,4550000000.0,-462000000.0
2026-06-26,3日,600228,返利科技,600228_7,10.79,9.99%,3574.64万,1795.99万,35746400.0,17959900.0
2026-06-26,,600330,天通股份,600330_5,32.75,-8.01%,16.64亿,-5.35亿,1664000000.0,-534999999.99999994
2026-06-26,,600498,烽火通信,600498_4,76.22,-10.00%,21.71亿,-2.31亿,2171000000.0,-231000000.0
2026-06-26,,600520,三佳科技,600520_6,36.00,7.53%,4.51亿,2.15亿,451000000.0,215000000.0
2026-06-26,,600545,卓郎智能,600545_3,7.10,10.08%,2.78亿,2.25亿,278000000.0,225000000.0
2026-06-26,,600608,退市沪科,600608_35,0.16,-5.88%,126.42万,-17.61万,1264200.0,-176100.0
2026-06-26,,600667,太极实业,600667_6,26.88,6.20%,31.54亿,3.36亿,3154000000.0,336000000.0
2026-06-26,,600726,华电能源,600726_5,7.19,-5.27%,6.98亿,-1.26亿,698000000.0,-126000000.0
2026-06-26,,600776,东方通信,600776_4,13.40,-10.01%,6808.90万,-3397.82万,68089000.0,-33978200.0
2026-06-26,,600851,海欣股份,600851_4,8.80,-10.02%,9906.05万,-2766.27万,99060500.0,-27662700.0
2026-06-26,3日,600857,宁波中百,600857_7,17.87,2.94%,3.27亿,621.07万,327000000.0,6210700.000000001
2026-06-26,3日,600888,新疆众和,600888_7,16.12,0.00%,16.60亿,1.82亿,1660000000.0000002,182000000.0
2026-06-26,3日,600962,国投中鲁,600962_7,29.00,10.02%,1.66亿,5393.41万,166000000.0,53934100.0
2026-06-26,,601016,节能风电,601016_3,3.94,10.06%,4.29亿,2.09亿,429000000.0,209000000.0
2026-06-26,3日,601133,柏诚股份,601133_7,38.28,10.00%,7.65亿,7864.87万,765000000.0,78648700.0
2026-06-26,,603002,宏昌电子,603002_5,26.23,5.13%,9.12亿,3.24亿,911999999.9999999,324000000.0
2026-06-26,3日,603065,宿迁联盛,603065_7,21.85,8.54%,4.77亿,3843.93万,476999999.99999994,38439300.0
2026-06-26,,603082,北自科技,603082_6,42.90,-3.40%,3.22亿,-4757.40万,322000000.0,-47574000.0
2026-06-26,3日,603155,新亚强,603155_7,25.34,9.98%,3.83亿,7814.49万,383000000.0,78144900.0
2026-06-26,,603159,上海亚虹,603159_4,17.06,-10.02%,5439.59万,89.06万,54395900.0,890600.0
2026-06-26,3日,603163,圣晖集成,603163_7,135.58,10.00%,3.85亿,8517.92万,385000000.0,85179200.0
2026-06-26,3日,603201,常润股份,603201_8,15.57,-10.00%,9338.57万,-4625.20万,93385700.0,-46252000.0
2026-06-26,3日,603203,快克智能,603203_7,76.00,3.83%,9.19亿,-5650.89万,919000000.0,-56508900.0
2026-06-26,3日,603256,宏和科技,603256_7,297.00,7.31%,34.76亿,-5685.68万,3476000000.0,-56856800.0
2026-06-26,,603316,诚邦股份,603316_4,21.65,-10.02%,2.17亿,-7035.28万,217000000.0,-70352800.0
2026-06-26,3日,603318,水发燃气,603318_8,8.81,-6.97%,3.26亿,1365.77万,326000000.0,13657700.0
2026-06-26,3日,603324,盛剑科技,603324_7,51.02,6.83%,7.77亿,6169.83万,777000000.0,61698300.0
2026-06-26,,603407,长裕集团,603407_6,91.73,-0.15%,3.60亿,-3955.45万,360000000.0,-39554500.0
2026-06-26,,603459,红板科技,603459_6,92.74,-2.34%,4.61亿,-1.22亿,461000000.00000006,-122000000.0
2026-06-26,3日,603595,ST东尼,603595_28,36.98,5.00%,6428.03万,-1034.59万,64280300.0,-10345900.0
2026-06-26,3日,603650,彤程新材,603650_7,85.83,10.00%,23.69亿,6717.07万,2369000000.0,67170700.0
2026-06-26,3日,603661,恒林股份,603661_7,40.06,7.40%,2.72亿,2412.97万,272000000.0,24129699.999999996
2026-06-26,3日,603698,航天工程,603698_7,43.55,10.00%,11.29亿,1.09亿,1129000000.0,109000000.00000001
2026-06-26,3日,603800,洪田股份,603800_7,88.46,4.13%,10.92亿,1.57亿,1092000000.0,157000000.0
2026-06-26,,603861,白云电器,603861_3,14.25,10.04%,1.53亿,8130.11万,153000000.0,81301100.0
2026-06-26,,603903,中持股份,603903_3,12.84,10.03%,8174.69万,2193.95万,81746900.0,21939500.0
2026-06-26,3日,603956,威派格,603956_7,5.83,10.00%,5885.73万,579.77万,58857299.99999999,5797700.0
2026-06-26,,605006,山东玻纤,605006_5,24.94,5.19%,3.22亿,-3821.85万,322000000.0,-38218500.0
2026-06-26,3日,605006,山东玻纤,605006_7,24.94,5.19%,10.26亿,-2.34亿,1026000000.0,-234000000.0
2026-06-26,,605081,退市太和,605081_35,0.36,2.86%,95.54万,18.46万,955400.0000000001,184600.0
2026-06-26,3日,605366,宏柏新材,605366_7,14.38,10.02%,7.05亿,1.17亿,705000000.0,117000000.0
2026-06-26,,605366,宏柏新材,605366_3,14.38,10.02%,6.47亿,7995.52万,647000000.0,79955200.0
2026-06-26,,688156,路德科技,688156_40,30.00,15.52%,1.21亿,1848.74万,121000000.0,18487400.0
2026-06-26,,688409,富创精密,688409_40,274.80,20.00%,15.15亿,2.69亿,1515000000.0,269000000.0
2026-06-26,,688432,有研硅,688432_40,30.90,20.00%,4.66亿,1.13亿,466000000.0,112999999.99999999
2026-06-26,,688584,上海合晶,688584_40,33.88,15.99%,4.29亿,1.61亿,429000000.0,161000000.0
2026-06-26,,688596,正帆科技,688596_40,56.22,20.00%,7.38亿,9930.92万,738000000.0,99309200.0
2026-06-26,3日,688639,华恒生物,688639_45,15.40,-10.05%,1.61亿,-632.72万,161000000.0,-6327200.0
